{"0j": {"real": 0.0, "imag": 0.0, "abs": 0.0}, "1j": {"real": 0.0, "imag": 1.0, "abs": 1.0}, "2j": {"real": 0.0, "imag": 2.0, "abs": 2.0}, "(1+0j)": {"real": 1.0, "imag": 0.0, "abs": 1.0}, "(1+1j)": {"real": 1.0, "imag": 1.0, "abs": 1.4142135623730951}, "(1+2j)": {"real": 1.0, "imag": 2.0, "abs": 2.23606797749979}, "(2+0j)": {"real": 2.0, "imag": 0.0, "abs": 2.0}, "(2+1j)": {"real": 2.0, "imag": 1.0, "abs": 2.23606797749979}, "(2+2j)": {"real": 2.0, "imag": 2.0, "abs": 2.8284271247461903}, "(3+0j)": {"real": 3.0, "imag": 0.0, "abs": 3.0}, "(3+1j)": {"real": 3.0, "imag": 1.0, "abs": 3.1622776601683795}, "(3+2j)": {"real": 3.0, "imag": 2.0, "abs": 3.605551275463989}}